station_code,station_name,avg_delay_min,median_delay_min,max_delay_min,std_delay_min,avg_pct_right_time,avg_pct_slight_delay,avg_pct_significant,avg_pct_cancelled,num_trains,delay_risk_score
SLO,Samalkot Jn,126.5,126.5,132.0,6.351,8.22,11.735,79.91,0.135,2,59.46
DKAE,Dankuni,149.0,149.0,240.0,128.693,0.0,26.925,73.075,0.0,2,59.23
TATA,Tatanagar Jn,338.5,338.5,530.0,270.822,3.365,21.875,74.52,0.24,2,58.73
BALU,Balugan,107.8,108.0,126.0,16.193,0.73,27.333,71.843,0.093,4,58.49
RJY,Rajamundry,122.167,131.0,161.0,32.732,3.096,26.71,70.124,0.069,6,57.1
NDD,Nidadavolu Jn,124.0,124.0,145.0,24.249,6.985,22.005,70.87,0.14,2,56.21
ANV,Annavaram,119.0,119.0,124.0,5.774,6.985,22.69,70.185,0.14,2,55.94
TUNI,Tuni,118.0,118.0,124.0,6.928,8.79,22.555,68.515,0.14,2,54.73
CAP,Chatrapur,111.0,111.0,119.0,9.238,1.235,37.26,61.37,0.135,2,54.14
KUR,Khurda Road Jn,98.75,104.0,119.0,19.572,3.455,34.341,62.131,0.073,6,53.79
AKP,Anakapalle,117.0,117.0,128.0,12.702,12.125,19.66,68.08,0.135,2,53.55
BAM,Brahmapur,100.0,99.0,139.0,28.107,5.114,32.653,62.164,0.07,6,53.31
JJKR,Jajpur K Road,95.857,97.0,127.0,30.711,8.461,27.2,64.274,0.068,6,53.15
BBS,Bhubaneswar,94.5,111.0,124.0,30.859,4.327,36.877,58.704,0.092,8,52.16
TDD,Tadepalligudem,97.6,99.0,144.0,29.048,6.597,35.942,57.368,0.093,4,50.94
BSP,Bilaspur Jn,299.5,299.5,301.0,2.121,22.055,10.05,67.9,0.0,2,50.54
BPP,Bapatla,109.0,109.0,133.0,27.713,9.04,32.74,58.08,0.14,2,50.48
CLX,Chirala,108.5,108.5,133.0,28.29,8.765,33.975,57.125,0.135,2,50.18
IPM,Ichchpuram,111.5,111.5,135.0,27.135,15.615,22.005,62.24,0.14,2,50.17
RN,Ratnagiri,62.0,62.0,66.0,5.657,11.805,29.86,58.335,0.0,2,49.79
CHE,Srikakulam Road,93.5,94.5,112.0,13.428,11.478,31.357,57.072,0.093,4,49.36
EE,Eluru,94.8,94.0,147.0,31.665,7.7,38.342,53.867,0.092,4,49.21
BLS,Balasore,94.429,87.0,174.0,39.941,8.876,37.299,53.759,0.066,6,48.82
SPT,Sompeta,109.0,109.0,135.0,30.022,20.82,17.35,61.69,0.14,2,48.39
KGP,Kharagpur Jn,98.5,83.5,205.0,52.2,7.951,40.592,51.389,0.068,6,48.15
CPP,Chipurupalle,98.5,98.5,106.0,8.66,12.24,34.57,53.06,0.135,2,47.51
NWP,Naupada Jn,97.5,97.5,99.0,1.732,11.145,38.035,50.685,0.135,2,46.89
TEL,Tenali Jn,110.333,127.0,127.0,28.868,15.89,30.045,53.925,0.138,2,46.76
CTC,Cuttack,89.375,104.0,131.0,45.27,16.233,30.754,52.809,0.205,6,46.19
PSA,Palasa,89.5,90.5,110.0,18.727,19.412,26.372,54.127,0.09,4,45.8
SRTL,Shertalai,53.0,53.0,77.0,33.941,5.0,58.335,36.665,0.0,2,43.17
RPH,Rampur Hat,132.0,132.0,245.0,159.806,34.615,7.69,57.69,0.005,2,42.69
ALLP,Alleppey,52.0,52.0,73.0,29.698,3.335,63.335,33.33,0.0,2,42.33
VZM,Vizianagram Jn,81.429,89.0,124.0,34.462,23.459,28.514,47.914,0.115,6,42.09
BHC,Bhadrakh,79.667,84.0,97.0,17.963,25.411,25.95,48.569,0.07,6,41.78
SRC,Santragachi Jn,96.75,104.5,158.0,71.849,28.15,21.71,50.0,0.14,3,41.51
HAD,Harippad,51.5,51.5,70.0,26.163,3.335,68.335,28.33,0.0,2,40.33
ANG,Ahmadnagar,90.0,90.0,90.0,,0.0,75.0,25.0,0.0,2,40.0
MKA,Mokameh Jn,45.333,35.0,71.0,22.368,5.48,64.548,28.878,1.095,4,39.58
OGL,Ongole,71.833,71.5,127.0,33.701,15.008,50.388,34.532,0.071,6,39.29
ANKL,Ankola,49.0,49.0,53.0,5.657,18.75,45.835,35.415,0.0,2,38.54
FUT,Fatuha Jn,55.5,55.5,63.0,10.607,1.235,72.925,23.65,2.19,2,38.43
RDM,Ramgundam,66.5,52.5,118.0,34.819,8.4,64.965,26.358,0.277,4,37.94
AGI,Amguri,48.0,48.0,50.0,2.828,10.935,61.98,27.08,0.005,2,37.55
VSKP,Visakhapatnam,78.5,79.0,133.0,33.645,31.386,26.216,42.328,0.07,6,37.49
KVU,Kadakavur,53.0,53.0,53.0,,6.67,70.0,23.33,0.0,1,37.33
NLR,Nellore,75.375,81.0,113.0,35.4,19.268,48.378,32.148,0.209,6,37.02
KOO,Khusropur,64.0,64.0,64.0,,1.645,75.96,20.205,2.19,2,36.93
KTE,Katni,53.5,53.5,60.0,9.192,1.665,80.0,18.335,0.0,2,36.83
PTU,Partur,46.0,46.0,46.0,,18.33,51.67,30.0,0.0,2,36.5
BKP,Bakhtiyarpur Jn,41.0,41.0,41.0,,3.425,74.02,20.365,2.19,2,36.46
NZB,Nizamabad,48.5,48.5,55.0,9.192,10.0,66.665,23.335,0.0,2,36.33
KAWR,Karwar,49.5,49.5,51.0,2.121,18.75,51.39,29.86,0.0,2,36.32
BSX,Basar,52.5,52.5,54.0,2.121,6.67,73.335,20.0,0.0,2,36.0
PNC,Patna Saheb,52.0,52.0,56.0,5.657,6.645,70.16,21.005,2.19,2,35.75
PVU,Paravur,46.0,46.0,59.0,18.385,6.67,75.0,18.33,0.0,2,35.33
BARH,Barh,52.5,52.5,67.0,20.506,3.7,76.645,17.465,2.19,2,35.22
DQG,Dhupguri,78.75,37.5,221.0,95.486,25.32,42.76,31.82,0.1,4,35.1
BPF,Banapura,49.0,49.0,61.0,16.971,8.905,73.835,17.26,0.005,2,34.23
DAB,Dharmabad,50.5,50.5,57.0,9.192,8.335,75.0,16.665,0.0,2,34.17
PCOI,Prayagraj Chheoki,49.0,49.0,70.0,29.698,26.665,43.335,30.0,0.0,2,34.0
NU,Narsinghpur,54.0,54.0,54.0,,10.0,73.335,16.67,0.0,2,33.67
KMC,Kamareddi,43.0,43.0,57.0,19.799,15.0,65.0,20.0,0.0,2,33.5
JPE,Jalpaiguri Road,75.5,35.0,219.0,96.811,32.723,34.975,32.303,0.0,4,33.1
BZA,Vijayawada Jn,57.438,54.5,158.0,40.723,27.666,43.891,28.301,0.143,16,32.98
AWY,Aluva,54.75,35.5,121.0,44.664,11.838,72.045,16.118,0.0,4,32.9
WL,Warangal,55.25,56.5,128.0,39.129,23.44,51.32,24.966,0.274,8,32.87
SLGR,Simaluguri Jn,43.0,43.0,44.0,1.414,20.345,57.57,22.09,0.0,2,32.73
SEGM,Sevagram,56.5,42.5,103.0,31.097,18.598,60.58,20.548,0.277,4,32.56
DPJ,Dharmapuri,42.0,42.0,61.0,26.87,23.33,53.33,23.33,0.01,2,32.33
HTZ,Hathidah Jn,24.0,24.0,24.0,,21.92,52.72,23.17,2.19,2,32.03
BZU,Betul,45.5,45.5,64.0,26.163,21.67,58.33,20.0,0.0,2,31.5
BSL,Bhusaval Jn,85.2,35.0,305.0,123.781,35.877,33.578,30.545,0.0,6,31.45
BHP,Bolpur S Niktn,78.25,22.5,249.0,113.852,34.615,36.54,28.845,0.0,4,31.15
CSN,Chalisgaon Jn,48.5,48.5,57.0,12.021,16.3,68.495,15.07,0.135,2,31.1
AKE,Akanapet,39.0,39.0,57.0,25.456,23.33,56.67,20.0,0.0,2,31.0
UMRI,Umri,45.5,45.5,53.0,10.607,16.67,68.33,15.0,0.0,2,31.0
BHS,Vidisha,44.0,44.0,51.0,9.899,16.3,69.04,14.655,0.005,2,30.97
ERS,Ernakulam Jn,35.0,35.0,43.0,11.314,15.0,71.665,13.33,0.005,2,30.83
MYR,Maihar,49.5,49.5,70.0,28.991,15.0,71.665,13.335,0.0,2,30.83
SGLA,Sangola,30.5,30.5,35.0,6.364,7.69,84.615,7.69,0.005,2,30.77
BXR,Buxar,58.5,42.5,152.0,48.608,28.513,47.177,23.58,0.73,6,30.66
HD,Harda,49.0,49.0,70.0,29.698,23.015,58.085,18.9,0.0,2,30.66
PAK,Pakala Jn,32.0,32.0,36.0,5.657,5.88,88.05,6.065,0.005,2,30.66
NYY,Neyyattinkara,36.0,36.0,36.0,,5.0,90.0,5.0,0.0,2,30.5
AFK,Angamali,34.5,34.5,46.0,16.263,16.67,70.0,13.33,0.0,2,30.33
BPRD,Barpeta Road,74.75,27.5,230.0,103.735,38.408,30.64,30.09,0.862,4,30.26
NOQ,New Alipurdaur,74.75,27.5,232.0,105.374,39.538,29.698,30.478,0.288,4,30.24
MZL,Mirzapali,38.5,38.5,60.0,30.406,28.33,50.0,21.665,0.005,2,30.17
DUD,Dudhani,63.0,63.0,63.0,,21.665,61.665,16.665,0.0,2,30.16
GBD,Gauribidanur,50.0,50.0,50.0,,20.0,65.0,15.0,0.0,2,30.0
MAO,Madgaon,38.0,38.0,41.0,4.243,24.305,57.64,18.055,0.0,2,29.93
GDR,Gudur Jn,64.0,73.0,107.0,34.251,36.9,35.851,27.042,0.206,6,29.68
HSRA,Hosur,31.0,31.0,31.0,,16.665,71.665,11.665,0.005,2,29.66
BRYA,Barhiya,48.0,48.0,75.0,38.184,29.865,44.91,23.035,2.19,2,29.6
BAQ,Ganj Basoda,42.5,42.5,43.0,0.707,21.505,64.38,14.11,0.005,2,29.19
KMT,Khammam,48.5,47.5,82.0,27.671,32.888,44.12,22.718,0.275,4,29.14
GDYA,Ghoradongri,43.0,43.0,73.0,42.426,40.0,33.33,26.67,0.0,2,28.67
SELU,Selu,46.5,46.5,58.0,16.263,33.335,45.0,21.665,0.0,2,28.67
GUR,Ganagapur Road,43.5,43.5,67.0,33.234,31.67,48.335,20.0,0.0,2,28.5
KZT,Kulitthurai,34.5,34.5,39.0,6.364,11.665,83.33,5.0,0.005,2,28.5
JTRD,Jath Road,32.0,32.0,44.0,16.971,15.385,76.925,7.69,0.0,2,28.46
JEUR,Jeur,35.5,35.5,41.0,7.778,15.385,76.925,7.69,0.0,2,28.46
CD,Chandrapur,56.667,35.0,116.0,52.003,33.585,44.91,21.232,0.272,4,28.34
DAA,Datia,41.5,41.5,48.0,9.192,23.56,62.74,13.565,0.135,2,28.32
ARA,Ara,55.167,36.5,157.0,51.266,29.297,51.693,18.28,0.732,6,28.3
NHK,Naharkatiya,39.5,39.5,56.0,23.335,25.565,59.675,14.765,0.0,2,28.24
BOJ,Bhojo,40.0,40.0,51.0,15.556,25.175,60.63,14.195,0.0,2,28.13
KJM,Krishnarajapurm,70.6,45.0,208.0,80.996,37.222,39.785,22.992,0.002,6,28.03
ERL,Eraniel,49.0,49.0,49.0,,13.335,81.665,5.0,0.0,2,28.0
BWT,Bangarapet,62.0,40.0,198.0,69.374,39.615,36.838,23.547,0.0,6,27.53
CKI,Chalakudi,,,,,28.335,56.665,15.0,0.0,2,27.5
KYQ,Kamakhya,94.333,35.0,225.0,113.32,49.265,20.068,30.668,0.0,4,27.49
VAK,Varkala,57.333,38.0,126.0,61.33,29.852,54.088,16.06,0.002,4,27.47
TPTY,Tirupati,67.0,67.0,114.0,66.468,34.93,45.205,19.86,0.005,2,27.46
NFK,New Farakka Jn,68.75,29.0,208.0,93.539,55.973,8.55,35.48,0.002,4,27.4
NRW,Narwana Jn,43.0,43.0,65.0,31.113,32.465,49.86,17.67,0.005,2,27.33
KEM,Kem,35.0,35.0,44.0,12.728,19.23,73.08,7.69,0.0,2,27.31
BYNR,Mookambika Road,20.0,20.0,20.0,,25.0,63.195,11.805,0.0,2,27.22
CAN,Kannur,38.0,38.0,50.0,16.971,25.0,63.195,11.805,0.0,2,27.22
UD,Udupi,34.0,34.0,44.0,14.142,25.0,63.195,11.805,0.0,2,27.22
NAM,Namrup,37.0,37.0,54.0,24.042,28.45,57.365,14.19,0.0,2,27.14
KKN,Khirkiya,47.5,47.5,75.0,38.891,37.125,42.33,20.545,0.0,2,27.08
JBP,Jabalpur,40.5,40.5,43.0,3.536,30.0,55.0,15.0,0.005,2,27.0
PPI,Pipariya,,,,,30.0,55.0,15.0,0.0,2,27.0
RTGH,Ratangarh Jn,,,,,34.19,47.98,17.83,0.0,2,26.87
SDGH,Sri Dungargarh,36.0,36.0,57.0,29.698,34.375,47.795,17.83,0.0,2,26.82
FKM,Fakiragram Jn,36.0,36.0,37.0,1.414,28.065,59.07,12.87,0.0,2,26.73
NGP,Nagpur,66.667,37.0,305.0,92.466,42.842,32.937,24.058,0.163,10,26.72
RKM,Raja Ki Mandi,41.0,41.0,54.0,18.385,32.33,52.19,15.48,0.0,2,26.49
KOJ,Kokrajhar,62.5,31.0,252.0,93.408,42.13,35.31,22.558,0.002,6,26.38
MVO,Manwath Road,45.0,45.0,54.0,12.728,36.665,45.0,18.335,0.0,2,26.33
NCB,New Cooch Behar,57.833,25.5,225.0,82.633,42.553,34.883,22.56,0.003,6,26.26
MPL,Madanapalle Rd,31.0,31.0,34.0,4.243,20.77,73.16,6.065,0.005,2,26.19
STA,Satna,41.0,41.0,62.0,29.698,28.335,60.0,11.67,0.0,2,26.17
MSDG,Mhasoda Dongar,34.0,34.0,34.0,,23.075,69.23,7.69,0.005,2,26.15
DJG,Duliajan,37.0,37.0,56.0,26.87,32.295,53.33,14.375,0.0,2,26.06
IJK,Irinjalakuda,35.5,35.5,54.0,26.163,33.335,51.665,15.0,0.0,2,26.0
KSV,Kosi Kalan,38.5,38.5,48.0,13.435,34.245,50.55,15.205,0.0,2,25.81
AK,Akola Jn,429.5,429.5,448.0,26.163,3.605,0.48,36.53,59.385,2,25.71
KGQ,Kasaragod,39.0,39.0,55.0,22.627,37.5,45.14,17.36,0.0,2,25.69
NK,Nasik Road,42.5,42.5,62.0,22.517,25.007,66.872,8.028,0.093,6,25.68
BGZ,Bahadurgarh,39.5,39.5,61.0,30.406,36.165,47.675,16.165,0.0,2,25.62
VARD,Vaikam Road,67.5,67.5,112.0,62.933,37.67,45.34,16.99,0.0,2,25.49
JL,Jalgaon Jn,38.0,40.0,49.0,12.124,25.582,66.6,7.82,0.0,4,25.45
KIUL,Kiul Jn,19.0,19.0,24.0,7.071,44.378,31.825,22.7,1.098,4,25.44
DBA,Dabra,37.0,37.0,37.0,,31.78,55.755,12.33,0.135,2,25.36
KON,Kudalnagar,27.0,27.0,27.0,,20.0,76.67,3.33,0.0,1,25.33
AAY,Aralvaymozhi,24.0,24.0,24.0,,20.0,76.665,3.33,0.0,2,25.33
ERN,Ernakulam Town,45.2,29.0,116.0,41.391,32.525,54.92,12.555,0.0,6,25.26
ROK,Rohtak Jn,39.5,39.5,64.0,34.648,39.59,43.15,17.26,0.005,2,25.03
RU,Renigunta Jn,48.167,27.0,107.0,42.239,39.443,43.545,16.947,0.065,6,24.93
AUB,Aluabari Road,35.0,35.0,36.0,1.414,34.59,52.35,13.06,0.0,2,24.85
BNC,Bangalore Cant,32.0,32.0,34.0,2.828,28.335,63.33,8.335,0.0,2,24.83
GHY,Guwahati,59.4,30.0,208.0,83.927,45.572,33.258,21.168,0.002,6,24.8
MMR,Manmad Jn,42.75,43.0,65.0,20.106,33.48,54.338,12.112,0.073,4,24.78
RJP,Razampeta,31.0,31.0,34.0,4.243,22.605,73.56,3.835,0.0,2,24.75
JIND,Jind Jn,64.0,64.0,64.0,,40.41,42.6,16.99,0.0,2,24.67
MSR,Masur,25.0,25.0,29.0,5.657,23.075,73.075,3.845,0.005,2,24.61
KYN,Kalyan Jn,70.235,29.0,482.0,120.841,37.744,47.367,14.847,0.042,18,24.6
OTP,Ottappalam,67.0,67.0,117.0,70.711,43.425,38.085,18.49,0.0,2,24.37
TGN,Talegaon,24.5,24.5,29.0,6.364,19.23,80.77,0.0,0.0,2,24.23
LKR,Luckeesarai Jn,67.0,67.0,67.0,,38.925,42.785,16.095,2.19,2,24.1
PER,Perambur,44.444,31.0,200.0,59.353,39.268,45.972,14.651,0.11,10,24.05
TVP,Trivandrum Pett,107.0,107.0,107.0,,55.89,17.26,26.85,0.0,1,23.97
DLGN,Dhalgaon,51.0,51.0,51.0,,30.77,61.54,7.69,0.0,2,23.84
KYJ,Kayankulam Jn,50.6,33.0,117.0,42.91,42.738,40.947,16.315,0.0,6,23.7
KWV,Kurduvadi,31.5,34.0,60.0,17.378,31.462,60.915,7.624,0.0,8,23.61
BRZ,Bareta,41.0,41.0,64.0,32.527,44.93,37.53,17.53,0.01,2,23.53
MAJN,Mangalore Jn,34.0,34.0,34.0,,37.5,50.695,11.805,0.0,2,23.47
TUN,Tohana,15.0,15.0,15.0,,45.89,36.305,17.81,0.0,2,23.36
MSZ,Mansa,41.5,41.5,68.0,37.477,47.265,34.11,18.63,0.0,2,23.27
BAU,Burhanpur,35.0,35.0,35.0,,41.37,44.52,14.11,0.0,2,23.23
MAUR,Maur,41.5,41.5,70.0,40.305,48.77,31.645,19.59,0.0,2,23.21
PBN,Parbhani Jn,39.0,39.0,48.0,12.728,45.0,38.335,16.665,0.0,2,23.17
KLBG,Kalaburagi Jn,33.5,22.5,67.0,26.357,37.559,51.374,11.068,0.0,8,23.16
CCH,Chinchvad,18.0,18.0,18.0,,23.075,76.925,0.0,0.0,2,23.08
RNY,Rangiya Jn,79.0,30.0,248.0,113.19,50.542,27.927,20.957,0.575,6,23.05
NJT,Nager Coil Town,33.0,33.0,50.0,24.042,30.0,65.0,5.0,0.0,2,23.0
BLZ,Budhlada,16.0,16.0,16.0,,47.535,34.38,18.08,0.005,2,22.97
NMX,New Maynaguri,33.5,33.5,46.0,17.678,43.155,41.855,14.8,0.19,2,22.92
ALU,Ariyalur,31.0,31.0,43.0,16.971,38.335,51.67,10.0,0.0,2,22.5
BGVN,Bhigwan,21.0,21.0,29.0,11.314,30.765,65.385,3.845,0.005,2,22.31
TPT,Tirupattur Jn,13.0,13.0,13.0,,38.42,52.205,9.375,0.0,2,22.22
KNE,Kishanganj,64.0,20.0,238.0,97.798,35.032,34.778,16.729,13.462,8,22.14
KKP,Kot Kapura,16.0,16.0,16.0,,47.395,36.985,15.615,0.0,2,22.03
MVLK,Mavelikara,66.0,66.0,115.0,69.296,48.36,35.48,16.165,0.0,2,21.96
BNGN,Bongaigaon,30.5,30.5,41.0,14.849,41.605,44.565,12.105,1.725,2,21.84
PIL,Piler,31.0,31.0,31.0,,35.295,58.64,6.065,0.0,2,21.84
JHL,Jakhal Jn,38.5,38.5,62.0,33.234,49.585,33.7,16.715,0.0,2,21.81
TIR,Tirur,22.5,22.5,23.0,0.707,36.11,57.64,6.25,0.0,2,21.67
NED,H Sahib Nanded,33.0,33.0,37.0,5.657,43.335,45.0,11.665,0.0,2,21.67
PNBE,Patna Jn,22.6,18.0,54.0,23.104,46.347,38.547,14.377,0.73,6,21.63
FLK,Falakata,13.0,13.0,13.0,,46.77,38.81,14.225,0.195,2,21.6
LNL,Lonavala,24.0,25.5,35.0,12.463,34.022,59.137,5.47,1.37,4,21.57
SDLP,Sadulpur Jn,26.0,26.0,28.0,2.828,47.98,37.13,14.89,0.0,2,21.56
LMG,Lumding Jn,31.5,28.0,47.0,11.358,42.672,46.45,10.878,0.0,4,21.55
KRG,Koregaon,25.5,25.5,38.0,17.678,38.46,53.85,7.69,0.0,2,21.54
QLN,Kollam Jn,50.0,34.5,123.0,54.08,46.472,39.99,13.535,0.003,6,21.47
MRA,Morena,31.0,25.5,56.0,17.263,40.035,51.448,8.518,0.0,4,21.4
AWB,Aurangabad,35.5,35.5,49.0,19.092,40.0,51.665,8.335,0.0,2,21.33
BAB,Babina,34.0,34.0,35.0,1.414,43.425,45.62,10.82,0.135,2,21.26
DPU,Diphu,37.0,37.0,48.0,15.556,43.543,45.772,10.685,0.0,4,21.21
PNVL,Panvel,27.0,27.0,41.0,19.799,36.805,57.64,5.555,0.0,2,21.18
AD,Adoni,34.375,31.5,66.0,15.071,41.359,49.689,8.951,0.001,8,21.17
KTYM,Kottayam,50.333,20.0,113.0,54.28,45.37,43.012,11.62,0.0,4,21.04
CPK,Chaparmukh Jn,30.0,30.0,35.0,7.071,42.688,47.772,9.538,0.002,4,21.01
SRGM,Srirangam,28.0,28.0,38.0,14.142,43.335,46.67,10.0,0.0,2,21.0
DMV,Dimapur,30.333,22.0,49.0,16.197,42.738,47.795,9.468,0.0,4,20.97
NTSK,New Tinsukia Jn,32.5,32.0,53.0,21.44,44.055,45.64,10.3,0.005,4,20.9
SSB,Shakurbasti,34.5,34.5,55.0,28.991,48.22,38.355,13.425,0.0,2,20.9
SBE,Sorbhog Jn,29.0,29.0,35.0,8.485,43.54,43.595,11.14,1.725,2,20.88
YA,Yerraguntla,28.0,28.0,32.0,5.657,35.46,60.98,3.56,0.0,2,20.79
HJI,Hojai,29.0,29.0,37.0,11.314,45.315,43.755,10.93,0.0,2,20.78
PBL,Pathsala,28.5,28.5,30.0,2.121,42.41,45.88,9.985,1.725,2,20.75
MXN,Mariani Jn,30.25,30.5,39.0,7.89,43.07,47.842,9.085,0.002,4,20.71
DLN,Dildarnagar Jn,45.0,45.0,45.0,,46.665,41.67,11.665,0.0,2,20.67
TCR,Thrisur,37.0,25.5,110.0,36.464,47.707,39.875,12.418,0.0,6,20.66
GY,Gooty Jn,26.0,26.0,27.0,1.414,36.83,59.06,4.11,0.0,2,20.6
TU,Tadipatri,26.5,26.5,30.0,4.95,36.255,60.185,3.56,0.0,2,20.55
SUR,Solapur Jn,29.9,28.5,66.0,21.2,41.111,52.03,6.858,0.001,10,20.41
TVC,Trivandrum Cntl,39.75,29.5,93.0,37.053,44.452,46.335,9.212,0.0,4,20.35
CTO,Chittoor,43.0,26.0,105.0,42.301,48.712,38.898,12.39,0.0,4,20.34
KKDE,Kurukshetra Jn,29.0,29.0,38.0,12.728,41.37,51.915,6.715,0.0,2,20.27
URI,Uruli,21.5,21.5,28.0,9.192,38.46,57.69,3.845,0.005,2,20.0
KJT,Karjat,,,,,41.18,52.94,5.88,0.0,1,20.0
YNK,Yelhanka Jn,39.0,39.0,59.0,28.284,50.0,37.5,12.5,0.0,2,20.0
HUP,Hindupur,38.0,40.0,62.0,25.06,50.835,36.25,12.915,0.0,4,19.92
MALM,Manthralayam Rd,35.6,31.0,61.0,14.536,46.145,44.435,9.419,0.0,8,19.92
HX,Cuddapah,22.0,22.0,22.0,,38.335,58.24,3.425,0.0,2,19.87
GTL,Guntakal Jn,31.375,26.5,70.0,18.415,45.089,46.62,8.29,0.001,8,19.79
LKA,Lanka,27.5,27.5,36.0,12.021,48.96,39.92,11.125,0.0,2,19.76
KVK,Kavathe Mahankl,31.5,31.5,55.0,33.234,50.0,38.46,11.54,0.0,2,19.62
CLT,Kozhikode,21.5,21.5,25.0,4.95,43.055,50.695,6.25,0.0,2,19.58
DKZ,Delhi Kishangnj,33.0,33.0,49.0,22.627,49.04,40.275,10.685,0.005,2,19.56
KUN,Karnal,27.5,27.5,33.0,7.778,42.74,51.37,5.755,0.14,2,19.44
NBQ,New Bongaigaon,50.333,18.0,222.0,84.493,63.737,15.03,21.235,0.0,6,19.37
CUR,Churu,41.0,41.0,41.0,,55.33,29.78,14.89,0.0,2,19.36
SZR,Sarupathar,30.0,30.0,47.0,24.042,50.535,38.15,11.31,0.005,2,19.36
GZB,Ghaziabad,37.5,37.5,53.0,21.92,60.0,21.665,18.33,0.005,2,19.33
TIHU,Tihu,27.0,27.0,28.0,1.414,46.26,42.8,9.215,1.725,2,19.29
MLDT,Malda Town,45.5,13.5,197.0,75.022,65.452,12.242,22.307,0.002,6,19.29
KSRA,Kasara,24.0,24.0,27.0,4.243,38.2,59.61,1.92,0.27,2,19.23
FDK,Faridkot,39.0,39.0,66.0,38.184,59.18,23.425,17.395,0.0,2,19.2
NDPM,Narmadapuram,34.0,34.0,49.0,21.213,55.89,29.315,14.795,0.0,2,19.15
SMVB,Smvt Bengaluru,56.2,19.0,169.0,69.273,67.528,9.542,22.868,0.063,6,18.87
KDG,Kedgaon,20.5,20.5,31.0,14.849,42.305,53.85,3.845,0.0,2,18.85
PAU,Purna Jn,24.0,24.0,24.0,,48.335,43.33,8.335,0.0,2,18.83
BXP,Barpathar,29.5,29.5,48.0,26.163,52.46,36.23,11.31,0.0,2,18.79
TRVL,Tiruvalla,49.333,21.0,113.0,55.248,52.845,35.81,11.345,0.0,4,18.68
MUE,Mudkhed,29.0,29.0,29.0,,53.33,35.0,11.665,0.0,2,18.67
SADP,Saidapur,24.5,24.5,25.0,0.707,44.475,50.57,4.955,0.005,2,18.64
PUNE,Pune Jn,20.375,19.0,38.0,10.183,45.1,49.614,5.285,0.002,10,18.58
KPN,Kuppam,36.75,38.0,59.0,20.32,54.582,33.335,12.082,0.0,4,18.46
SALE,Salar,29.5,29.5,45.0,21.92,56.225,30.505,13.265,0.005,2,18.44
GJUT,Gangsar Jaitu,14.0,14.0,14.0,,56.85,29.45,13.7,0.0,2,18.42
CGY,Changanaseri,42.25,20.5,113.0,47.24,53.668,35.058,11.275,0.002,4,18.41
PNP,Panipat Jn,26.0,26.0,27.0,1.414,44.93,50.41,4.66,0.0,2,18.38
SDB,Shahabad,26.25,20.5,54.0,19.873,49.33,42.725,7.94,0.005,4,18.38
SZM,Subzi Mandi,34.0,34.0,34.0,,45.065,50.41,4.52,0.0,2,18.29
NMKL,Namakkal,13.0,13.0,13.0,0.0,47.572,46.177,6.25,0.0,4,18.23
YG,Yadgir,25.167,24.0,39.0,8.864,49.283,43.593,7.122,0.002,6,18.06
KGLE,Khagraghat Road,38.0,38.0,38.0,,57.405,29.52,13.075,0.0,2,18.01
SM,Samsi,29.5,29.5,49.0,27.577,57.145,29.975,12.88,0.0,2,18.01
SBC,Ksr Bangalore Cy Jn,25.0,25.0,36.0,15.556,53.33,36.665,10.0,0.005,2,18.0
DRD,Dahanu Road,23.5,23.5,28.0,6.364,46.03,49.455,4.52,0.0,2,18.0
KRY,Kadiri,25.0,25.0,27.0,2.828,48.16,45.77,6.065,0.005,2,17.98
MZP,Mirzapur,25.0,25.0,29.0,5.657,51.665,40.0,8.335,0.0,2,17.83
HCR,Harischandrpur,11.0,11.0,11.0,,56.77,31.12,12.11,0.0,2,17.81
LAR,Lalitpur,29.333,28.0,43.0,13.051,49.738,43.335,6.86,0.068,4,17.8
NLV,Nalbari,26.5,26.5,30.0,4.95,49.73,40.485,8.06,1.725,2,17.79
ED,Erode Jn,30.889,23.0,105.0,29.738,49.338,44.329,6.334,0.0,10,17.73
KRD,Karad,22.5,22.5,26.0,4.95,46.15,50.0,3.845,0.005,2,17.69
GNA,Goneana Bhai Jagta,35.0,35.0,57.0,31.113,58.22,28.905,12.88,0.0,2,17.69
LSR,Lasur,43.0,43.0,43.0,,50.0,43.335,6.665,0.0,2,17.67
TNA,Thane,28.462,26.0,62.0,20.883,52.418,39.164,8.419,0.0,14,17.64
RC,Raichur,30.2,28.0,61.0,18.7,52.404,39.409,8.188,0.001,8,17.55
JAJ,Jhajha,73.0,73.0,143.0,98.995,75.0,0.0,25.0,0.0,2,17.5
MTC,Meerut City,36.5,36.5,57.0,28.991,61.665,23.335,15.0,0.0,2,17.5
MOZ,Muzaffarnagar,36.0,36.0,63.0,38.184,61.665,23.335,15.0,0.0,2,17.5
SLY,Samalpatti,23.333,24.0,40.0,17.01,44.9,52.702,2.395,0.002,4,17.49
BWM,Bhawani Mandi,32.0,32.0,38.0,8.485,66.67,15.0,18.335,0.0,2,17.33
KAMG,Kamakhyaguri,28.5,28.5,39.0,14.849,57.165,31.115,11.34,0.38,2,17.27
HWH,Howrah Jn,77.667,30.0,586.0,147.394,67.764,11.432,19.653,1.153,18,17.19
SNP,Sonipat Jn,24.5,24.5,28.0,4.95,47.945,48.215,3.835,0.005,2,17.15
LHU,Loharu,24.0,24.0,24.0,0.0,51.105,42.83,6.065,0.0,2,17.09
BOE,Barsoi Jn,49.667,16.0,222.0,84.469,33.653,16.345,17.308,32.693,6,17.02
MUT,Meerut Cant,36.5,36.5,60.0,33.234,63.335,21.67,15.0,0.0,2,17.0
NJP,New Jalpaiguri,42.875,17.0,241.0,80.558,65.111,18.641,16.247,0.0,8,16.97
NVS,Navsari,17.0,17.0,17.0,,48.215,48.22,3.565,0.0,2,16.96
CNGR,Chengannur,48.333,17.0,114.0,56.889,58.635,30.088,11.278,0.0,4,16.92
DD,Daund Jn,20.833,13.0,59.0,20.39,52.773,40.399,6.826,0.001,7,16.9
SSPN,Sai P Nilayam,18.5,18.5,24.0,7.778,57.918,31.665,10.418,0.0,4,16.79
MTJ,Mathura Jn,29.25,24.5,63.0,19.405,57.873,31.867,10.259,0.0,12,16.74
JSME,Jasidih Jn,55.0,12.0,152.0,84.184,61.25,26.25,12.5,0.0,4,16.62
MDP,Madhupur Jn,40.0,16.0,126.0,58.287,61.25,26.25,12.5,0.0,4,16.62
HAN,Hindaun City,33.333,35.0,48.0,15.567,60.592,27.705,11.702,0.0,4,16.5
SKF,Sakhoti Tanda,61.0,61.0,61.0,,65.0,20.0,15.0,0.0,2,16.5
KQN,Kodaikanal Road,14.2,15.0,21.0,7.05,54.327,38.685,6.988,0.002,6,16.5
BUP,Bariarpur,26.0,26.0,41.0,21.213,54.54,33.835,9.02,2.605,2,16.46
GWL,Gwalior,30.182,25.0,64.0,20.522,54.816,38.146,6.996,0.041,14,16.34
AJJ,Arakkonam,34.5,16.0,201.0,53.192,58.554,31.744,9.701,0.001,16,16.31
MLO,Malur,33.5,33.5,59.0,36.062,62.5,25.0,12.5,0.0,2,16.25
FDB,Faridabad,35.333,34.0,48.0,9.688,63.821,23.033,13.144,0.001,7,16.11
SA,Salem Jn,26.167,20.0,105.0,26.543,52.816,42.402,4.781,0.001,14,16.07
PNQ,Punkunnam,22.0,22.0,36.0,19.799,66.665,18.335,15.0,0.0,2,16.0
VRI,Vridhachalam Jn,13.2,12.0,22.0,8.106,56.423,36.455,7.123,0.0,6,15.92
BTE,Bharatpur Jn,32.333,28.0,50.0,15.948,62.168,26.61,11.222,0.0,4,15.84
TUP,Tiruppur,18.286,18.0,31.0,10.275,55.794,37.79,6.416,0.001,10,15.83
AGC,Agra Cantt,27.615,22.0,68.0,19.818,56.661,36.184,7.114,0.04,14,15.83
GGC,Gangapur City,29.5,28.0,49.0,15.588,63.422,24.943,11.632,0.005,4,15.63
MGN,Meghnagar,25.25,26.0,37.0,12.148,61.098,29.06,9.84,0.002,4,15.61
AB,Ambur,16.5,16.5,26.0,13.435,48.335,51.665,0.0,0.0,2,15.5
SGZ,Shamgarh,31.333,26.0,44.0,11.015,62.532,26.94,10.522,0.002,4,15.45
CNB,Kanpur Central,19.833,18.0,53.0,11.991,61.014,29.218,9.455,0.313,14,15.38
BXN,Bayana Jn,29.25,26.5,46.0,13.745,64.61,23.825,11.565,0.0,4,15.24
SWM,Sawai Madhopur,25.167,23.0,42.0,11.339,61.547,29.315,9.14,0.0,6,15.19
IGP,Igatpuri,30.5,30.5,39.0,12.021,58.33,35.0,6.665,0.005,2,15.17
PUT,Puttur,19.0,19.0,19.0,0.0,53.405,43.72,2.875,0.0,2,15.13
JMP,Jamalpur Jn,25.0,25.0,34.0,12.728,59.27,29.11,9.02,2.6,2,15.05
BVI,Borivali,20.778,21.0,29.0,7.759,54.963,41.279,3.758,0.001,10,15.01
BJU,Barauni Jn,7.0,7.0,7.0,,56.665,38.33,5.0,0.005,2,15.0
BWN,Barddhaman Jn,9.5,9.5,19.0,13.435,50.0,50.0,0.0,0.0,2,15.0
ET,Itarsi Jn,33.5,28.5,76.0,21.193,66.788,20.858,12.358,0.001,8,14.91
NDAE,Nabadwip Dham,36.0,36.0,36.0,,65.255,23.585,11.15,0.005,2,14.88
ATP,Anantapur,27.833,23.0,64.0,18.755,60.267,32.365,7.368,0.0,6,14.87
BQI,Bommidi,17.0,17.0,29.0,16.971,55.0,41.67,3.335,0.0,2,14.84
SC,Secunderabad Jn,52.0,52.0,52.0,,61.67,30.0,8.335,0.0,2,14.83
DHD,Dahod,25.75,25.5,39.0,12.258,61.612,30.205,8.18,0.002,6,14.79
RGO,Rotegaon,29.0,29.0,41.0,16.971,60.0,33.335,6.665,0.0,2,14.67
KJH,Kajra,20.0,20.0,20.0,,58.995,31.05,7.35,2.6,2,14.46
ASN,Asansol Jn,20.8,16.0,40.0,10.826,57.557,38.187,4.257,0.0,6,14.44
ABKA,Ambika Kalna,25.5,25.5,38.0,17.678,67.75,20.525,11.73,0.0,2,14.37
BMO,Bolarum,20.0,20.0,35.0,21.213,63.335,28.335,8.335,0.0,2,14.34
NILE,Nimtita,26.0,26.0,40.0,19.799,69.655,17.27,13.075,0.0,2,14.33
PGW,Phagwara Jn,19.0,19.0,19.0,,59.04,35.89,5.07,0.0,2,14.32
CBF,Coimbatore Nrth,16.0,13.0,28.0,10.817,55.783,41.72,2.497,0.003,3,14.26
BL,Valsad,20.0,19.5,30.0,8.981,57.695,38.38,3.928,0.0,4,14.26
ANVT,Anand Vihar Trm,37.0,37.0,37.0,,74.128,7.962,16.815,1.095,4,14.16
TMV,Tindivanam,16.75,16.5,19.0,1.708,53.825,45.558,0.548,0.07,4,14.05
DGLE,Dhulian Ganga,25.0,25.0,37.0,16.971,70.81,16.11,13.075,0.005,2,13.99
DRH,Dharhara,22.0,22.0,26.0,5.657,60.91,29.13,7.35,2.61,2,13.88
LDH,Ludhiana Jn,25.0,18.0,51.0,17.795,63.47,29.408,7.123,0.0,4,13.81
SDN,Sholavandan,16.0,14.5,27.0,8.042,55.732,43.092,1.175,0.0,4,13.75
JTJ,Jolarpettai,28.455,12.0,182.0,51.86,71.709,15.242,13.049,0.0,14,13.71
KOTA,Kota Jn,21.75,21.5,34.0,9.438,64.658,27.768,7.576,0.001,8,13.63
CSMT,C Shivaji Term Mumbai,75.182,13.0,468.0,146.174,76.272,7.502,16.132,0.093,12,13.54
BTI,Bhatinda Jn,27.5,27.5,49.0,30.406,68.63,21.095,10.275,0.0,2,13.52
KRR,Karur,16.75,9.0,43.0,17.633,67.488,23.138,9.375,0.0,4,13.5
YJUD,Yamunanagar Jagadhri,29.0,29.0,44.0,21.213,68.335,21.665,10.0,0.0,2,13.5
VAPI,Vapi,20.8,23.0,24.0,4.324,58.435,38.993,2.572,0.0,6,13.5
GYM,Gudiyattam,14.5,14.5,24.0,13.435,55.0,45.0,0.0,0.0,2,13.5
KPD,Katpadi Jn,31.706,17.0,187.0,46.407,67.893,22.465,9.641,0.001,18,13.49
RMA,Ramganj Mandi,26.0,29.5,35.0,10.985,70.058,18.87,11.075,0.0,4,13.41
PGT,Palakkad Jn,45.0,26.0,108.0,55.973,67.535,23.56,8.905,0.0,4,13.3
AHA,Abhaipur,22.0,22.0,26.0,5.657,62.965,27.075,7.35,2.61,2,13.27
NNN,Nanguneri,17.0,15.0,36.0,17.146,58.332,40.0,1.665,0.002,4,13.17
VLY,Valliyur,20.0,26.0,34.0,17.776,58.332,40.0,1.665,0.002,4,13.17
JRC,Jalandhar Cant,20.0,20.0,20.0,0.0,62.74,32.33,4.93,0.005,2,13.15
JRLE,Jangipur Road,24.5,24.5,41.0,23.335,73.485,13.635,12.885,0.0,2,13.11
SGG,Sultanganj,23.0,23.0,34.0,15.556,65.82,22.555,9.02,2.605,2,13.08
PVR,Pandharpur,5.0,5.0,5.0,,61.54,34.615,3.845,0.0,2,13.08
KWAE,Katwa,10.0,10.0,10.0,,72.73,15.15,12.115,0.005,2,13.03
KSN,Krishna,37.0,37.0,45.0,11.314,40.0,20.0,10.0,30.0,2,13.0
BPL,Bhopal Jn,26.444,23.0,80.0,22.578,66.322,26.592,7.084,0.001,12,12.94
SRR,Shoranur Jn,17.0,17.0,21.0,5.657,65.28,28.47,6.25,0.0,2,12.92
BEAS,Beas,24.75,20.5,45.0,14.009,68.115,23.652,8.23,0.002,4,12.86
SMVJ,Shri Mahaveerji,33.667,36.0,51.0,18.61,20.82,21.11,9.168,48.905,4,12.75
MEJ,Vanchi Maniyachchi,17.5,17.5,27.0,13.435,60.0,38.33,1.665,0.005,2,12.66
SKZR,Sirpur Kagazngr,38.5,38.5,39.0,0.707,3.33,26.665,6.665,63.34,2,12.66
BDC,Bandel Jn,23.0,23.0,38.0,21.213,70.21,20.56,9.23,0.005,2,12.63
DR,Dadar,21.5,16.0,61.0,19.75,65.494,29.137,5.369,0.0,10,12.5
KNW,Khandwa,27.5,27.5,39.0,16.263,75.345,12.19,12.47,0.0,2,12.39
BPQ,Balharshah,20.286,18.0,46.0,14.93,69.761,21.58,8.386,0.272,8,12.34
SRE,Saharanpur,26.0,26.0,43.0,24.042,75.0,13.335,11.665,0.0,2,12.17
DGR,Durgapur,20.0,12.0,40.0,17.436,64.665,31.835,3.5,0.0,4,12.0
MAP,Morappur,13.75,11.5,28.0,11.087,62.5,35.835,1.668,0.0,4,11.92
KQR,Koderma,11.0,11.0,11.0,,69.3,24.45,6.25,0.0,2,11.71
AZ,Azimganj Jn,21.0,21.0,33.0,16.971,77.14,10.745,12.115,0.0,2,11.7
JUC,Jalandhar City,22.25,18.0,44.0,15.13,70.765,21.975,7.26,0.0,4,11.67
KOU,Koduru,35.5,35.5,45.0,13.435,13.335,38.17,0.0,48.495,2,11.45
LTT,Lokmanyatilak T,17.2,12.0,44.0,15.707,74.842,15.54,9.622,0.0,6,11.4
DHO,Dhaulpur,19.5,18.5,27.0,5.802,70.708,23.102,6.188,0.002,4,11.26
PNDM,Pennadam,13.5,13.5,24.0,14.849,65.0,33.335,1.665,0.0,2,11.17
RKMP,Rani Kamlapati,17.75,11.0,46.0,20.288,72.042,21.11,6.85,0.0,4,11.13
TBM,Tambaram,14.143,19.0,24.0,9.371,63.974,35.204,0.72,0.103,8,11.07
RNG,Raniganj,14.5,14.5,15.0,0.707,66.0,32.0,2.0,0.0,2,11.0
BINA,Bina Jn,26.667,21.5,68.0,22.713,75.645,15.487,8.865,0.003,6,10.85
FZR,Firozpur Cant,39.0,39.0,39.0,,75.75,16.435,7.805,0.005,2,10.39
SASN,Sahibzada Asngr,17.0,17.0,22.0,7.071,70.685,26.025,3.29,0.0,2,10.11
RASP,Rasipuram,13.5,13.5,14.0,0.707,66.665,33.335,0.0,0.0,2,10.0
RTM,Ratlam Jn,16.857,15.0,25.0,5.08,75.942,17.621,6.439,0.0,8,9.79
PRYJ,Prayagraj Jn,38.667,15.0,159.0,54.042,68.827,12.672,8.544,9.957,9,9.78
ABI,Ambaturai,14.5,14.5,19.0,6.364,68.22,31.37,0.41,0.0,2,9.7
PNME,Parasnath,20.0,20.0,34.0,19.799,73.075,23.075,3.845,0.005,2,9.61
VGLJ,V Lakshmibai Jhansi,22.75,22.5,64.0,18.969,75.758,18.381,5.802,0.06,14,9.58
ODC,Oddanchatram,12.5,12.5,14.0,2.121,68.33,31.67,0.0,0.0,2,9.5
MONR,Mohanur,12.0,12.0,13.0,1.414,68.335,31.665,0.0,0.0,2,9.5
DMM,Dharmavaram Jn,23.5,14.5,65.0,28.641,78.692,13.938,7.368,0.0,6,9.34
NNA,Naugachia,14.5,14.5,21.0,9.192,73.335,23.335,3.33,0.0,2,9.33
WADI,Wadi,19.857,13.0,54.0,16.273,78.459,14.395,7.146,0.0,8,9.32
DDU,Pt Deen Dayal Upadhyay Jn,21.846,12.0,147.0,38.286,79.521,12.074,8.129,0.274,16,9.31
BVQ,Bhilavdi,12.5,12.5,18.0,7.778,69.23,30.77,0.0,0.0,2,9.23
KOV,Kirloskarvadi,13.5,13.5,19.0,7.778,69.23,30.77,0.0,0.0,2,9.23
TRT,Tiruttani,15.0,15.0,18.0,4.243,73.265,23.72,3.015,0.0,2,9.23
TKR,Takari,16.0,16.0,21.0,7.071,69.23,30.77,0.0,0.0,2,9.23
UMB,Ambala Cant Jn,20.5,12.0,49.0,19.07,78.14,15.215,6.645,0.0,4,9.22
JP,Jaipur,7.0,7.0,7.0,,71.67,26.665,1.665,0.0,2,9.16
DG,Dindigul Jn,13.333,10.0,39.0,9.423,74.352,22.262,3.385,0.0,12,9.05
BMT,Begumpet,20.0,20.0,36.0,22.627,83.335,6.665,10.0,0.0,2,9.0
NZM,H Nizamuddin,19.3,12.0,60.0,22.637,79.877,12.938,7.185,0.0,14,8.91
MNE,Mansi Jn,16.0,16.0,17.0,1.414,75.0,21.665,3.33,0.005,2,8.83
SNSI,Sainagar Shirdi,21.0,21.0,40.0,26.87,87.5,0.0,12.5,0.0,2,8.75
CVP,Kovilpatti,13.4,11.0,22.0,5.941,72.768,26.493,0.738,0.002,6,8.46
GDA,Godhra Jn,21.0,21.0,28.0,9.899,83.79,7.545,8.665,0.0,4,8.33
MLMR,Melmaruvattur,15.4,16.0,20.0,3.286,44.983,26.705,0.457,27.855,6,8.33
MAS,Chennai Central,20.474,6.0,73.0,25.739,84.569,6.122,9.196,0.112,20,8.27
VPT,Virudunagar Jn,13.0,13.0,20.0,4.899,73.799,25.2,1.0,0.002,8,8.26
FA,Falna,11.0,11.0,16.0,7.071,75.0,23.335,1.665,0.0,2,8.17
SRT,Satur,12.2,13.0,15.0,2.588,73.83,25.432,0.738,0.002,6,8.15
CGL,Chengalpattu,12.0,13.0,19.0,6.928,74.192,24.985,0.732,0.092,6,8.01
GUV,Guruvayur,22.0,22.0,22.0,,85.0,6.665,8.335,0.0,2,7.83
ASR,Amritsar Jn,16.5,12.5,39.0,16.052,84.255,8.345,7.398,0.002,4,7.68
CRY,Chirayinkil,11.0,11.0,14.0,4.243,83.335,10.0,6.665,0.0,2,7.67
NDLS,New Delhi,19.3,14.5,54.0,15.166,81.791,12.731,5.478,0.001,24,7.65
DBRG,Dibrugarh,11.333,15.0,17.0,8.145,83.618,9.695,6.685,0.002,4,7.59
PLNI,Palani,7.0,7.0,7.0,,75.0,25.0,0.0,0.0,2,7.5
FKG,Furkating Jn,14.5,14.5,21.0,9.192,83.89,9.975,6.135,0.0,2,7.29
AII,Ajmer Jn,11.0,11.0,16.0,7.071,80.0,18.335,1.665,0.0,2,6.67
LPI,Lingampalli,22.0,22.0,42.0,28.284,86.67,6.665,6.665,0.0,2,6.66
MPA,Manaparai,11.25,11.0,16.0,4.425,79.248,19.852,0.9,0.0,4,6.59
BRC,Vadodara Jn,15.0,13.0,30.0,9.0,84.313,11.007,4.68,0.001,10,6.58
MDU,Madurai Jn,9.889,11.0,19.0,6.274,80.897,17.025,2.078,0.0,10,6.56
TRL,Tiruvallur,10.0,10.0,12.0,2.828,78.335,21.665,0.0,0.0,2,6.5
KUH,Khachrod,15.0,15.0,17.0,2.828,81.505,15.89,2.465,0.14,2,6.49
TPJ,Tiruchchirapali,10.875,7.5,37.0,10.789,80.826,17.336,1.838,0.001,8,6.49
NAD,Nagda Jn,13.2,13.0,20.0,4.817,86.575,7.335,6.087,0.002,6,6.46
BH,Bharuch Jn,15.25,15.0,18.0,2.062,81.513,16.418,2.07,0.0,6,6.37
GAYA,Gaya Jn,18.667,23.0,24.0,8.386,86.27,8.308,5.422,0.0,4,6.29
ST,Surat,13.7,14.5,25.0,6.601,85.368,10.591,4.042,0.0,10,6.01
UDT,Udumalaippettai,7.5,7.5,13.0,7.778,80.0,20.0,0.0,0.0,2,6.0
CDG,Chandigarh,13.0,13.0,15.0,2.828,84.93,11.78,3.285,0.005,2,5.83
SLI,Sangli,11.0,11.0,16.0,7.071,80.77,19.23,0.0,0.0,2,5.77
BGP,Bhagalpur,9.0,9.0,10.0,1.414,86.71,5.275,5.82,2.195,2,5.66
BKN,Bikaner Jn,7.0,7.0,7.0,,85.295,11.765,2.94,0.0,2,5.59
KIR,Katihar Jn,10.0,10.0,15.0,7.071,86.665,10.0,3.33,0.005,2,5.33
CBE,Coimbatore Jn,17.25,2.0,110.0,37.882,87.338,8.799,3.808,0.055,10,5.31
ABR,Abu Road,9.0,9.0,10.0,1.414,85.0,13.335,1.665,0.0,2,5.17
VM,Villupuram Jn,9.25,10.0,16.0,3.955,83.95,15.638,0.41,0.002,8,4.98
DHN,Dhanbad Jn,10.143,4.0,33.0,11.852,88.125,8.518,3.358,0.0,8,4.91
SDAH,Sealdah,18.5,9.5,55.0,25.929,91.98,2.395,5.625,0.0,4,4.66
DNR,Danapur,6.667,5.0,11.0,3.786,90.835,5.0,4.168,0.0,4,4.42
MSH,Mahesana Jn,7.0,7.0,8.0,1.414,90.0,8.33,1.665,0.005,2,3.66
MRJ,Miraj Jn,12.0,12.0,12.0,,88.46,11.54,0.0,0.0,2,3.46
PPTA,Patliputra,8.0,8.0,9.0,1.414,93.335,3.335,3.33,0.0,2,3.33
TEN,Tirunelveli Jn,5.333,2.5,22.0,8.383,90.911,8.123,0.966,0.0,8,3.11
POY,Pollachi Jn,4.5,4.5,8.0,4.95,90.0,10.0,0.0,0.0,2,3.0
ND,Nadiad Jn,8.0,8.0,9.0,1.414,90.0,10.0,0.0,0.0,2,3.0
PNU,Palanpur Jn,4.0,4.0,4.0,,93.335,5.0,1.665,0.0,2,2.67
MMCT,Mumbai Central,7.5,5.5,16.0,6.568,88.484,3.491,2.272,5.754,8,2.64
CRP,Chandrapura,5.0,5.0,6.0,1.414,92.0,8.0,0.0,0.0,2,2.4
SHM,Shalimar,53.0,53.0,53.0,,6.665,0.0,3.335,90.0,2,2.33
STR,Satara,1.0,1.0,2.0,1.414,92.31,7.69,0.0,0.0,2,2.31
BDTS,Bandra Terminus,3.0,3.0,5.0,2.828,57.49,0.97,2.775,38.765,4,2.23
GGN,Gurgaon,10.5,10.5,14.0,4.95,95.0,3.335,1.665,0.0,2,2.17
MBM,Mambalam,5.333,7.0,9.0,4.726,94.157,4.93,0.64,0.273,3,1.93
TVCN,Trivandrum North,1.0,1.0,1.0,,93.75,6.25,0.0,0.0,2,1.88
BDMJ,Bhodwal Majri,27.0,27.0,35.0,11.314,3.15,5.205,0.41,91.235,2,1.85
ANND,Anand Jn,6.5,6.5,8.0,2.121,94.0,6.0,0.0,0.0,2,1.8
BKSC,Bokaro Stl City,1.0,1.0,1.0,,94.0,6.0,0.0,0.0,2,1.8
ADI,Ahmedabad Jn,0.0,0.0,0.0,,96.0,4.0,0.0,0.0,2,1.2
MURI,Muri,6.0,6.0,6.0,,96.0,4.0,0.0,0.0,2,1.2
RNC,Ranchi,2.0,2.0,2.0,,96.0,4.0,0.0,0.0,2,1.2
DEC,Delhi Cantt,9.5,9.5,15.0,7.778,98.335,0.0,1.665,0.0,2,1.17
SBIB,Sabarmati Bg,7.0,7.0,7.0,,98.335,0.0,1.665,0.0,2,1.17
MS,Chennai Egmore,1.833,1.5,4.0,1.472,97.6,1.92,0.445,0.036,8,0.89
GOGH,Gossaigaon Hat,10.5,10.5,11.0,0.707,1.34,0.38,0.0,98.28,2,0.11
AVD,Avadi,0.0,0.0,0.0,,0.27,0.0,0.0,99.73,1,0.0
NCJ,Nagercoil Jn,1.0,1.0,1.0,,100.0,0.0,0.0,0.0,2,0.0
PGTN,Palghat Town,2.0,2.0,3.0,1.414,100.0,0.0,0.0,0.0,2,0.0
